{
  "project_info": {
    "project_number": "577942935082",
    "firebase_url": "https://car-maintenance-app.firebaseio.com",
    "project_id": "car-maintenance-app",
    "storage_bucket": "car-maintenance-app.appspot.com"
  },
  "client": [
    {
      "client_info": {
        "mobilesdk_app_id": "1:577942935082:android:2d13d26bdda1db1e",
        "android_client_info": {
          "package_name": "com.android.application.carmaintenanceapp"
        }
      },
      "oauth_client": [
        {
          "client_id": "577942935082-u4srtria118c8pukqn7bdkvuffvjvv42.apps.googleusercontent.com",
          "client_type": 1,
          "android_info": {
            "package_name": "com.android.application.carmaintenanceapp",
            "certificate_hash": "74717BE29F317152F562736299FE901D84C0D6BA"
          }
        },
        {
          "client_id": "577942935082-b1e2s60cm915pk0sp2eoaoojbekckfih.apps.googleusercontent.com",
          "client_type": 3
        }
      ],
      "api_key": [
        {
          "current_key": "AIzaSyCrtW0MQD_Qw69bnmn5DEeAg2hqwre3CFs"
        }
      ],
      "services": {
        "analytics_service": {
          "status": 1
        },
        "appinvite_service": {
          "status": 2,
          "other_platform_oauth_client": [
            {
              "client_id": "577942935082-b1e2s60cm915pk0sp2eoaoojbekckfih.apps.googleusercontent.com",
              "client_type": 3
            }
          ]
        },
        "ads_service": {
          "status": 2
        }
      }
    }
  ],
  "configuration_version": "1"
}